#cvt	who is the star in $MOVIE?	$MOVIE ns:film.film.starring ?s . ?s ns:film.performance.actor ?a .
#cvt	who stars in $MOVIE?	$MOVIE ns:film.film.starring ?s . ?s ns:film.performance.actor ?a .

#basic	who wrote the script for $MOVIE?	$MOVIE ns:film.film.written_by ?a .
#basic	who is the director of $MOVIE?	$MOVIE ns:film.film.directed_by ?a .
#basic	Whose is $MOVIE?	$MOVIE ns:film.film.directed_by ?a .
#basic	who is the producer of $MOVIE?	$MOVIE ns:film.film.produced_by ?a .
#basic	who was the art director for $MOVIE?	$MOVIE ns:film.film.film_art_direction_by ?a .
#basic	who performed the cinematography of $MOVIE?	$MOVIE ns:film.film.cinematography ?a .
#basic	who did the casting in $MOVIE?	$MOVIE ns:film.film.film_casting_director ?a .

#basic	who wrote the soundtrack for $MOVIE?	$MOVIE ns:film.film.music ?a .
#basic	who made the music for $MOVIE?	$MOVIE ns:film.film.music ?a .

#cmplx	who did the special effects in $MOVIE?	$MOVIE ns:film.film.other_crew ?c . ?c ns:film.film_crew_gig.crewmember ?a . ?c ns:film.film_crew_gig.film_crew_role ?r . ?r rdfs:label "Special effects supervisor"@en .

#cvt	how long is $MOVIE?	$MOVIE ns:film.film.runtime ?r . ?r ns:film.film_cut.runtime ?a .
#cvt	How long does $MOVIE last?	$MOVIE ns:film.film.runtime ?r . ?r ns:film.film_cut.runtime ?a .
#cvt	What is the duration of $MOVIE?	$MOVIE ns:film.film.runtime ?r . ?r ns:film.film_cut.runtime ?a .

#basic	Where was $MOVIE shot?	$MOVIE ns:film.film.featured_film_locations ?a .
#basic	Where was $MOVIE made?	$MOVIE ns:film.film.featured_film_locations ?a .
#basic	What was the filming location of $MOVIE?	$MOVIE ns:film.film.featured_film_locations ?a .
#basic	What was the shooting location of $MOVIE?	$MOVIE ns:film.film.featured_film_locations ?a .

#cvt	How big was the budget of $MOVIE?	$MOVIE ns:film.film.estimated_budget ?b . ?b ns:measurement_unit.dated_money_value.amount ?a .
#cvt	How much was the budget of $MOVIE?	$MOVIE ns:film.film.estimated_budget ?b . ?b ns:measurement_unit.dated_money_value.amount ?a .
#cvt	What was the budget for $MOVIE?	$MOVIE ns:film.film.estimated_budget ?b . ?b ns:measurement_unit.dated_money_value.amount ?a .
#cvt	How much did $MOVIE make?	$MOVIE ns:film.film.gross_revenue ?b . ?b ns:measurement_unit.dated_money_value.amount ?a .
#cvt	How much money made $MOVIE?	$MOVIE ns:film.film.gross_revenue ?b . ?b ns:measurement_unit.dated_money_value.amount ?a .

#basic	What gentre is $MOVIE?	$MOVIE ns:film.film.genre ?a .
#basic	What genre is $MOVIE?	$MOVIE ns:film.film.genre ?a .
#basic	What kind of genre is $MOVIE?	$MOVIE ns:film.film.genre ?a .
#basic	What kind a movie is $MOVIE?	$MOVIE ns:film.film.genre ?a .

#basic	when was $MOVIE released?	$MOVIE ns:film.film.initial_release_date ?a .
#basic	what was the release date of $MOVIE?	$MOVIE ns:film.film.initial_release_date ?a .
#basic 	What is the rating of $MOVIE	$MOVIE ns:film.film.rating ?a .
#basic	What company produced $MOVIE?	$MOVIE ns:film.film.production_company ?a .
#basic	What is the distribution company of $MOVIE?	$MOVIE ns:film.film.distributors ?d . ?d ns:film.film_film_distributor_relationship.distributor ?a .

#cvt	What awards did $MOVIE receive?	TODO
#aggreg	How many awards did $MOVIE receive?	TODO
