wqmAr00001	factoid	what character did natalie portman play in star wars?	 Padmé Amidala
wqmAr00002	factoid	what character did john noble play in lord of the rings?	 Denethor II
wqmAr00003	factoid	what movies does taylor lautner play in?	 Abduction|Eclipse|Valentine's Day|The Twilight Saga: Breaking Dawn - Part 1|New Moon
wqmAr00004	factoid	what movie is josh hutcherson in?	 Cirque du Freak: The Vampire's Assistant|The Hunger Games|7 Days in Havana|Journey to the Center of the Earth|The Forger|Detention|Journey 2: The Mysterious Island|Red Dawn|The Third Rule|The Kids Are All Right
wqmAr00005	factoid	where do the san francisco giants play home games?	 AT&T Park
wqmAr00006	factoid	what movies did sally field win an oscar for?	 Places in the Heart|Sybil|Norma Rae|A Woman Of Independent Means|A Cooler Climate|Brothers & Sisters|ER
wqmAr00007	factoid	who does maggie grace play in taken?	 Kim
wqmAr00008	factoid	what tv show did joey lawrence play on?	 Blossom|Melissa & Joey|Bow|Gimme a Break!|Run of the House|Brotherly Love
wqmAr00009	factoid	what character did brian austin green play on 90210?	 David Silver
wqmAr00010	factoid	where do the ny rangers play?	 Madison Square Garden
wqmAr00011	factoid	who does the author stephenie meyer play in the movie twilight?	 Woman at Wedding
wqmAr00012	factoid	what did shawnee smith play in?	 The Grudge 3|Saw IV|Summer School|Saw II|Saw III|The Island|Saw|The Blob|Who's Harry Crumb?
wqmAr00013	factoid	who plays meg in family guy?	 Mila Kunis
wqmAr00014	factoid	what movie did angelina jolie direct?	 In the Land of Blood and Honey|A Place in Time
wqmAr00015	factoid	where do baltimore ravens play?	 M&T Bank Stadium
wqmAr00016	factoid	what jobs did ben franklin do?	 Diplomat|Statesman|Politician|Political activist|Author|Writer|Printer|Scientist|Librarian|Inventor
wqmAr00017	factoid	who plays lola bunny in the looney tunes show?	 Britt McKillip|Kath Soucie
wqmAr00018	factoid	what stadium did the chicago cardinals play in?	 University of Phoenix Stadium
wqmAr00019	factoid	what movie did james frey write?	 Sugar: The Fall of the West|Kissing a Fool
wqmAr00020	factoid	who did ben stiller play in megamind?	 Bernard
wqmAr00021	factoid	what movies did diana ross play in?	 The Wiz
wqmAr00022	factoid	what character does ellen play in finding nemo?	 Dory
wqmAr00023	factoid	what does nick cannon play in?	 The Nightlife|Up All Night|Soul Train|All That|Short Circuitz|Wild 'n Out|The Nick Cannon Show|Mash Up|America's Got Talent
wqmAr00024	factoid	what shows did kellie martin star in?	 A Pup Named Scooby-Doo|Crisis Center|Father Murphy|Life Goes On|Christy
wqmAr00025	factoid	who played mason capwell?	 Nancy Lee Grahn
wqmAr00026	factoid	who plays captain kirk in 2009?	 Chris Pine
wqmAr00027	factoid	when did the charlotte bobcats first play in the nba?	 2004 NBA Draft
wqmAr00028	factoid	what movies did madonna appear in?	 Shadows and Fog|A League of Their Own|Evita|Four Rooms|Arthur and the Invisibles|Dangerous Game|Dick Tracy|A Certain Sacrifice|Who's That Girl?|Body of Evidence
wqmAr00029	factoid	who voiced meg in the pilot?	 Mila Kunis
wqmAr00030	factoid	who plays lois lane in superman returns?	 Kate Bosworth
wqmAr00031	factoid	who is the voice of stewie griffin from family guy?	 Seth MacFarlane
wqmAr00032	factoid	who played the voice of aladdin?	 Scott Weinger
wqmAr00033	factoid	what movies has taylor lautner been in 2011?	 New Moon|Eclipse|The Twilight Saga|Abduction|Twilight|The Twilight Saga: Breaking Dawn - Part 2
wqmAr00034	factoid	who played maxie jones on general hospital?	 Kirsten Storms
wqmAr00035	factoid	where does drew gordon play?	 Utah Jazz
wqmAr00036	factoid	who voiced darth vader in revenge of the sith?	 Hayden Christensen
wqmAr00037	factoid	who plays princess padme in star wars?	 Catherine Taber
wqmAr00038	factoid	who played dumbledore in the first movie?	 Richard Harris
wqmAr00039	factoid	what has barack obama done wrong?	 President Obama appears to me to have elevated and implemented the artist-activist concept to the role of empowered servant-leader...
wqmAr00040	factoid	who are the broncos players?	 Wesley Woodyard|Peyton Manning|Joe Mays|Knowshon Moreno|Joel Dreessen|Mario Fannin|Manuel Ramírez|Tracy Porter|Andre Caldwell|Jacob Tamme
wqmAr00041	factoid	who plays nathan scott?	 James Lafferty
wqmAr00042	factoid	where did drew stanton play in college?	 Michigan State University
wqmAr00043	factoid	who sang at the mtv movie awards 2011?	 Twisted Sister|Suicidal Tendencies|Guns N' Roses|Red Hot Chili Peppers|AC/DC|Nirvana|Run-D.M.C.|Ice Cube|The Offspring|Metallica
wqmAr00044	factoid	where do houston aeros play?	 Toyota Center
wqmAr00045	factoid	who played lois lane in superman 1?	 Margot Kidder
wqmAr00046	factoid	who played dorothy in the wizard of oz movie?	 Judy Garland
wqmAr00047	factoid	what movies did ron howard do?	 Apollo 13|A Beautiful Mind|Curious George|Happy Days|Cocoon|From the Earth to the Moon
wqmAr00048	factoid	who played luke skywalker in star wars episode 4?	 Mark Hamill
wqmAr00049	factoid	what movies has taylor lautner?	 New Moon|He's a Bully, Charlie Brown|Eclipse|Cheaper by the Dozen 2|Incarceron|The Adventures of Sharkboy and Lavagirl|Dear Eleanor|Abduction|Shadow Fury|Field of Dreams 2: Lockout
wqmAr00050	factoid	where does sam bradford play?	 St. Louis Rams
wqmAr00051	factoid	who does dominic monaghan play in lord of the rings?	 Meriadoc Brandybuck
wqmAr00052	factoid	who played john connor friend in terminator 2?	 Edward Furlong
wqmAr00053	factoid	who is playing bilbo baggins?	 Norman Bird|Martin Freeman|Ian Holm
wqmAr00054	factoid	where did matt barnes play?	 Small forward
wqmAr00055	factoid	what movies did luke perry play in?	 Battle Scars: The Bud Moore Story
wqmAr00056	factoid	what does amanda seyfried play in?	 Boogie Woogie|Jennifer's Body|Chloe|Dear John|Nine Lives|Solstice|Mamma Mia!|American Gun|Mean Girls|Alpha Dog
wqmAr00057	factoid	what voice does hank azaria do on the simpsons?	 Carl Carlson|Chief Wiggum|Apu Nahasapeemapetilon
wqmAr00058	factoid	what instrument does bela fleck play?	 Banjo
wqmAr00059	factoid	who is playing hawkeye in the avengers movie?	 Jeremy Renner
wqmAr00060	factoid	what movie did rihanna play in?	 This Is the End|Battleship|Happy Smekday!
wqmAr00061	factoid	who played juni in spy kids 4?	 Daryl Sabara
wqmAr00062	factoid	who played violet's mother in charlie and the chocolate factory?	 Kansas City Athletics
wqmAr00063	factoid	who plays ferris bueller's best friend?	 Alan Ruck
wqmAr00064	factoid	who plays lois griffin in family guy?	 Alex Borstein
wqmAr00065	factoid	what movies have kenya moore produced?	 Trois|The Confidant|No Turning Back|Senseless|Cloud 9|Waiting to Exhale|I Know Who Killed Me|Hot Parts|Deliver Us from Eva|Brothers in Arms
wqmAr00066	factoid	who does danneel harris play on one tree hill?	 Rachel Gatina
wqmAr00067	factoid	what was omar epps first movie?	 Juice
wqmAr00068	factoid	where did william shakespeare perform most of his plays?	 Globe Theatre, London
wqmAr00069	factoid	who played emma frost?	 Finola Hughes|Tahyna Tozzi|January Jones
wqmAr00070	factoid	who plays the brother in hannah montana?	 Jason Earles
wqmAr00071	factoid	who played emperor palpatine?	 Ron Prather|Ian Abercrombie|Ian McDiarmid
wqmAr00072	factoid	what movies has billy burke been in?	 New Moon|Feast of Love|Without Limits|Dill Scallion|Fracture|Komodo|Ladder 49|Don't Look Down|Untraceable|Mafia!
wqmAr00073	factoid	what is the last movie brittany murphy made?	 8 Mile
wqmAr00074	factoid	what movies have queen latifah played in?	 Taxi|Jungle Fever|Set It Off|Stranger than Fiction|Last Holiday|Brown Sugar|Ice Age: The Meltdown|Ice Age: Dawn of the Dinosaurs|Hairspray|Bringing Down the House
wqmAr00075	factoid	who played alf on the tv show?	 Paul Fusco
wqmAr00076	factoid	what movies does leo howard play in?	 Logan|G.I. Joe: The Rise of Cobra|Aussie & Ted's Great Adventure|Conan the Barbarian|Shorts
wqmAr00077	factoid	who does messi play with?	 FC Barcelona
wqmAr00078	factoid	what is kevin durant play style?	 Small forward
wqmAr00079	factoid	who play luke skywalker?	 Mark Hamill
wqmAr00080	factoid	who is nina dobrev playing in perks of being a wallflower?	 Candace
wqmAr00081	factoid	what jobs did albert einstein have?	 Writer|Author|Mathematician|Professor|Theoretical Physicist|Physicist|Philosopher|Scientist|Peace activist|Pacifist
wqmAr00082	factoid	what are the names of michael jackson movies?	 Michael Jackson: The Trial and Triumph of the King of Pop|Moonwalker|Listen Up! The Lives of Quincy Jones|Maniac Magee|Miss Cast Away|Michael Jackson: Live in Japan|Michael Jackson: Live in Bucharest: The Dangerous Tour|Miles Davis: Live in Montreal|Michael Jackson's Ghosts|The Wiz
wqmAr00083	factoid	what movies did charlie hunnam play in?	 Green Street
wqmAr00084	factoid	what movie did marlee matlin won an academy award for?	 Children of a Lesser God
wqmAr00085	factoid	who played forrest gump as a kid?	 Michael Connor Humphreys
wqmAr00086	factoid	who played todd manning on one life to live?	 Blair Cramer
wqmAr00087	factoid	where do the fla marlins play?	 Marlins Park
wqmAr00088	factoid	who played eowyn in the lord of the rings movies?	 Miranda Otto
wqmAr00089	factoid	what films has gerard butler starred in?	 Attila|Beowulf & Grendel|300|Dear Frankie|Butterfly on a Wheel|Gamer|Fast Food|Dracula 2000|Coriolanus
wqmAr00090	factoid	what was liam neeson's character in star wars?	 Qui-Gon Jinn
wqmAr00091	factoid	who plays the voice of lois griffin?	 Alex Borstein
wqmAr00092	factoid	who does josh hutcherson play in the hunger games?	 Peeta Mellark
wqmAr00093	factoid	who plays claire in lost?	 Hayden Panettiere
wqmAr00094	factoid	who does jamie campbell bower play in breaking dawn?	 Anne Elizabeth Roseberry
wqmAr00095	factoid	where is the world series 2012 being played?	 The Gashouse Gang: How Dizzy Dean, Leo Durocher, Branch Rickey, Pepper Martin, and Their Colorful, Come-from-Behind Ball Club Won the World Series - and America's Heart - During the Great Depression
wqmAr00096	factoid	who was the voice of kitt?	 William Daniels
wqmAr00097	factoid	what movies is molly ringwald in?	 Office Killer|The Breakfast Club|Sixteen Candles|Fresh Horses|Strike It Rich|Betsy's Wedding|Pretty in Pink|Spacehunter: Adventures in the Forbidden Zone|The Stand|Tempest
wqmAr00098	factoid	who played lois en superman?	 Dana Delany|Anne Heche|Kate Bosworth|Amy Adams|Margot Kidder
wqmAr00099	factoid	where do the kansas city chiefs play?	 Kansas City
wqmAr00100	factoid	what does starbucks sell?	 Cafe / Coffee Shop|American food|Bakery|Delicatessen|Bagels
wqmAr00101	factoid	who does the voice of lois in family guy?	 Alex Borstein
wqmAr00102	factoid	what are all the movies channing tatum has been in?	 A Guide to Recognizing Your Saints|Battle in Seattle|Stop-Loss|Step Up|Coach Carter|She's the Man|Havoc|Poor Things|Supercross|G.I. Joe: The Rise of Cobra
wqmAr00103	factoid	who played princess leia from star wars?	 Carrie Fisher
wqmAr00104	factoid	who should play harley quinn?	 Arleen Sorkin|Mia Sara|Hynden Walch
wqmAr00105	factoid	what market does starbucks operate in?	 Cafe / Coffee Shop|American food|Bakery|Delicatessen|Bagels
wqmAr00106	factoid	what characters does trey parker voice?	 Eric Cartman|Fosse McDonald|Kenny McCormick|Chef|Butters Stotch|Mr. Garrison|Kyle Broflovski|Stan Marsh
wqmAr00107	factoid	who the voice of lois griffin?	 Alex Borstein
wqmAr00108	factoid	who does christopher walken play in batman returns?	 Max Shreck
wqmAr00109	factoid	who played samuel sullivan in heroes?	 Robert Knepper
wqmAr00110	factoid	what character does mila kunis play on family guy?	 Meg Griffin
wqmAr00111	factoid	who played anakin skywalker in phantom menace?	 Jake Lloyd
wqmAr00112	factoid	who plays the new michael myers?	 Brad Loree
wqmAr00113	factoid	what films did patrick swayze star in?	 City of Joy|Christmas in Wonderland|Father Hood|Along for the Ride|Black Dog|George and the Dragon|Donnie Darko|Dirty Dancing: Havana Nights|Dirty Dancing|11:14
wqmAr00114	factoid	who plays sarah wittle in jumanji?	 Bonnie Hunt
wqmAr00115	factoid	who does paul bettany play in the avengers?	 Edwin Jarvis
wqmAr00116	factoid	what experiments did marie curie conduct?	 Radio-active substances
wqmAr00117	factoid	who did the voice of darth vader in star wars?	 James Earl Jones
wqmAr00118	factoid	who plays the voice of kovu?	 Jason Marsden
wqmAr00119	factoid	where did gareth southgate play?	 England
wqmAr00120	factoid	who plays ray barone?	 Ray Romano, Michael Buble
wqmAr00121	factoid	what movies did robert blake play in?	 Alfalfa's Double|Busting|Captain Spanky's Show Boat|Bubbling Troubles|Dancing Romeo|Dad for a Day|Bridal Suite|All About Hash|Coast to Coast|Auto Antics
wqmAr00122	factoid	who did kat graham play in parent trap?	 Jackie
wqmAr00123	factoid	who plays young lex luthor in smallville?	 Michael Rosenbaum
wqmAr00124	factoid	who makes lois griffin voice?	 Alex Borstein
wqmAr00125	factoid	who played jacob black?	 Taylor Lautner
wqmAr00126	factoid	what movies star adam sandler?	 Funny People|Anger Management|Happy Gilmore|Big Daddy|50 First Dates|Click|Bulletproof|Billy Madison|Eight Crazy Nights|Airheads
wqmAr00127	factoid	who plays jackson gibbs on ncis?	 Ralph H. Waite
wqmAr00128	factoid	who played captain kirk in star trek?	 Jimmy Bennett|Chris Pine|William Shatner
wqmAr00129	factoid	when was the last time the ny giants played in the superbowl?	 Super Bowl XXV
wqmAr00130	factoid	what teams played in the 2010 stanley cup?	 Chicago Blackhawks
wqmAr00131	factoid	who plays mary jane in spiderman 3?	 Kirsten Dunst
wqmAr00132	factoid	who is the voice of lois from family guy?	 Alex Borstein
wqmAr00133	factoid	who is playing jason morgan on general hospital?	 Steve Burton
wqmAr00134	factoid	who nikki reed play in twilight?	 Rosalie Hale
wqmAr00135	factoid	who played mulder in the x files?	 David Duchovny
wqmAr00136	factoid	who was the original voice of meg on family guy?	 Lacey Chabert
wqmAr00137	factoid	what movies has michael clarke duncan been in?	 American Crude|Air Buddies|A Crush on You|Brother Bear|Back in Business|A Night at the Roxbury|Breakfast of Champions|Bulworth|Armageddon|Brother Bear 2
wqmAr00138	factoid	what films has kristen stewart starred in?	 Panic Room|Catch That Kid|In the Land of Women|Fierce People|Into the Wild|The Messengers|Cold Creek Manor|Zathura|The Safety of Objects|Speak
wqmAr00139	factoid	what movies have robert pattinson starred in?	 Eclipse|Twilight|New Moon|The Twilight Saga: Breaking Dawn - Part 1
wqmAr00140	factoid	what movies have adam sandler been in?	 Big Daddy|Dickie Roberts: Former Child Star|Joe Dirt 2|Bedtime Stories|Click|The Benchwarmers|Eight Crazy Nights|The House Bunny|You Don't Mess with the Zohan|I Now Pronounce You Chuck and Larry
wqmAr00141	factoid	who plays paul blart?	 Kevin James
wqmAr00142	factoid	who plays spike in buffy the vampire slayer?	 James Marsters
wqmAr00143	factoid	who voice acts peter griffin?	 Seth MacFarlane
wqmAr00144	factoid	who plays lynette on desperate housewives?	 Felicity Huffman
wqmAr00145	factoid	who played boss hogg dukes of hazzard?	 Sorell Booke
wqmAr00146	factoid	who played kitt in knight rider?	 William Daniels
wqmAr00147	factoid	who played daniel larusso?	 Ralph Macchio, Sr.
wqmAr00148	factoid	what movies did jj abrams direct?	 Star Wars Episode VII|Anatomy of Hope|Star Trek|Star Trek into Darkness|Mission: Impossible III|Super 8
wqmAr00149	factoid	what job did martin luther king jr have?	 Preacher|Writer|Pastor|Peace activist
wqmAr00150	factoid	what characters does seth macfarlane voice?	 Peter Griffin|Mickey McFinnegan|Stewie Griffin|Jake Tucker|Glenn Quagmire|Carter Pewterschmidt|Stan Smith|Tom Tucker|Kevin Swanson|Brian Griffin
wqmAr00151	factoid	who plays lorne on angel?	 Andy Hallett
wqmAr00152	factoid	where do the orioles play spring training?	 Baltimore
wqmAr00153	factoid	what movies are directed by steven spielberg?	 Duel|Close Encounters of the Third Kind|Always|Catch Me If You Can|1941|Amistad|A.I. Artificial Intelligence|E.T. the Extra-Terrestrial|Amblin|Empire of the Sun
wqmAr00154	factoid	what movies does matt damon play in?	 American Teacher|Contagion|Che: Part Two|All the Pretty Horses|Courage Under Fire|Dogma|Behind the Screens|Confessions of a Dangerous Mind|Elysium|Chasing Amy
wqmAr00155	factoid	what movies does alyson stoner play in?	 Cheaper by the Dozen|Garfield: The Movie|Step Up 3D|Alyson Stoner Project|Holly Hobbie and Friends: Christmas Wishes|Step Up|Cheaper by the Dozen 2|Alice Upside Down|Yin Yang Yo! The Movie|Camp Rock
wqmAr00156	factoid	who the voice of jack skellington?	 Danny Elfman|Chris Sarandon
wqmAr00157	factoid	what teams did gretzky play on?	 Edmonton Oilers
wqmAr00158	factoid	who played sean in scrubs?	 Michael Jackson: 30th Anniversary Special
wqmAr00159	factoid	who played andy in toy story 3?	 Andy Warhol
wqmAr00160	factoid	what movies did miley cyrus play in?	 Hannah Montana: The Movie|Super Rhino|Sonic the Hedgehog|LOL: Laughing Out Loud|Big Fish|Sex and the City 2|Bolt|The Last Song|So Undercover|High School Musical 2
wqmAr00161	factoid	what movies did adam sandler play in?	 Big Daddy|Dickie Roberts: Former Child Star|Joe Dirt 2|Bedtime Stories|Click|The Benchwarmers|Eight Crazy Nights|The House Bunny|You Don't Mess with the Zohan|I Now Pronounce You Chuck and Larry
wqmAr00162	factoid	who was the voice of darth vader in episode iii?	 Hayden Christensen
wqmAr00163	factoid	what movie does natalie portman play in?	 Closer|Beautiful Girls|Star Wars Episode III: Revenge of the Sith|Cold Mountain|The Other Boleyn Girl|V for Vendetta|Star Wars Episode II: Attack of the Clones|Anywhere but Here|Garden State|Star Wars Episode I: The Phantom Menace
wqmAr00164	factoid	what movies does zac efron star in?	 17 Again|Charlie St. Cloud|Miracle Run|Me and Orson Welles|Melinda's World|High School Musical|The Derby Stallion|High School Musical 2|High School Musical 3: Senior Year|Hairspray
wqmAr00165	factoid	who plays stella in coronation street?	 Lager
wqmAr00166	factoid	what movies did chris farley do?	 Coneheads|Wayne's World|Black Sheep|Beverly Hills Ninja|Wayne's World 2|Billy Madison|Dirty Work|Almost Heroes|Airheads|Tommy Boy
wqmAr00167	factoid	who plays nana in the royal family?	 Anna Tsuchiya
wqmAr00168	factoid	who plays steffy on bold and the beautiful?	 Jacqueline MacInnes Wood
wqmAr00169	factoid	who played carlton banks?	 Alfonso Ribeiro
wqmAr00170	factoid	who plays jay adams in lords of dogtown?	 Him/Herself
wqmAr00171	factoid	who plays effy in skins uk?	 Kaya Scodelario
wqmAr00172	factoid	where does the atlanta braves play?	 Turner Field
wqmAr00173	factoid	who played danielle rousseau on lost?	 Mira Furlan|Melissa Farman
wqmAr00174	factoid	what part does seth macfarlane play in family guy?	 Peter Griffin|Mickey McFinnegan|Stewie Griffin|Jake Tucker|Glenn Quagmire|Carter Pewterschmidt|Stan Smith|Tom Tucker|Kevin Swanson|Brian Griffin
wqmAr00175	factoid	who did george wendt play on cheers?	 Norm Peterson
wqmAr00176	factoid	who played cruella deville in 102 dalmatians?	 Glenn Close
wqmAr00177	factoid	what division did the baltimore colts play in?	 AFC South
wqmAr00178	factoid	what movie did tom hanks won his first oscar?	 Big
wqmAr00179	factoid	who played bilbo baggins?	 Norman Bird|Martin Freeman|Ian Holm
wqmAr00180	factoid	what did corey haim act in?	 Fast Getaway|Fast Getaway II|Dream a Little Dream 2|Demolition High|Dream a Little Dream|Blown Away|Busted|Demolition University|Fever Lake|Firstborn
wqmAr00181	factoid	who played bernie focker?	 Dustin Hoffman
wqmAr00182	factoid	who was the voice of nemo's dad?	 Albert Brooks
wqmAr00183	factoid	who played michael myers in halloween 4?	 George P. Wilbur
wqmAr00184	factoid	what movies did james franco play in?	 Tristan & Isolde|Pineapple Express|The Great Raid|Annapolis|Whatever It Takes|The Company|An American Crime|Spider-Man|Spider-Man 2|Spider-Man 3
wqmAr00185	factoid	what movies has scarlett johansson played in?	 Girl with a Pearl Earring|Fall|A Good Woman|A Love Song for Bobby Long|Don Jon's Addiction|Eight Legged Freaks|Ghost World|Captain America: The Winter Soldier|An American Rhapsody
wqmAr00186	factoid	where does luke skywalker live in star wars?	 Tatooine
wqmAr00187	factoid	what is john cena doing right now?	 Fast Cars and Superstars: The Gillette Young Guns Celebrity Race|WWE Saturday Night's Main Event|WWE RAW
wqmAr00188	factoid	who played princess leia's mother in star wars?	 Padmé Amidala
wqmAr00189	factoid	who does larry david play in seinfeld?	 Screenwriter
wqmAr00190	factoid	what did shawnee smith star in?	 The Grudge 3|Saw IV|Summer School|Saw II|Saw III|The Island|Saw|The Blob|Who's Harry Crumb?
wqmAr00191	factoid	who played carl fredricksen in up?	 Ed Asner
wqmAr00192	factoid	where did robert pattinson go to acting school?	 The Harrodian School
wqmAr00193	factoid	what movies did quentin tarantino star in?	 Grindhouse|The Cutting Edge: The Magic of Movie Editing|Sukiyaki Western Django|Full Tilt Boogie|Z Channel: A Magnificent Obsession|BaadAsssss Cinema|Desperado|Four Rooms|From Dusk till Dawn|Dead On: The Life and Cinema of George A. Romero
wqmAr00194	factoid	who did alf's voice?	 Paul Fusco
wqmAr00195	factoid	who plays batman in 2012?	 Christian Bale
wqmAr00196	factoid	what movies has renee zellweger been in?	 Bridget Jones's Diary
wqmAr00197	factoid	who plays stewie griffin's voice family guy?	 Seth MacFarlane
wqmAr00198	factoid	what did regina hall play in?	 Scary Movie|First Sunday|Danika|Paid in Full|Disappearing Acts|Malibu's Most Wanted|Scary Movie 4|King's Ransom|Scary Movie 3|Scary Movie 2
wqmAr00199	factoid	who plays jacob black in twilight?	 Taylor Lautner
wqmAr00200	factoid	who plays noah bennet?	 Jack Coleman
wqmAr00201	factoid	where do the chicago cubs play?	 Wrigley Field
wqmAr00202	factoid	who plays young john winchester in supernatural?	 Jeffrey Dean Morgan
wqmAr00203	factoid	who played elle greenaway?	 Lola Glaudini
wqmAr00204	factoid	who was philip randolph?	 Trade unionist|Social activist
wqmAr00205	factoid	who does avril lavigne play in over the hedge?	 Heather
wqmAr00206	factoid	what instrument did louis armstrong like to play?	 trumpet|Cornet
wqmAr00207	factoid	who played heath barkley?	 Lee Majors
wqmAr00208	factoid	who will play clary in city of bones?	 Lonnie Clary
wqmAr00209	factoid	who did stephenie meyer play in twilight?	 The Twilight Saga: Breaking Dawn - Part 1
wqmAr00210	factoid	who played giles on buffy the vampire slayer?	 Anthony Stewart Head
wqmAr00211	factoid	who played betty rizzo in grease?	 Stockard Channing
wqmAr00212	factoid	who played wesley crusher on star trek the next generation?	 Wil Wheaton
wqmAr00213	factoid	what years did the orioles play in the world series?	 1983 World Series|1966 World Series|1970 World Series
wqmAr00214	factoid	who did julie andrews play in shrek?	 Queen Lillian
wqmAr00215	factoid	what characters does seth macfarlane play in family guy?	 Peter Griffin|Mickey McFinnegan|Stewie Griffin|Jake Tucker|Glenn Quagmire|Carter Pewterschmidt|Stan Smith|Tom Tucker|Kevin Swanson|Brian Griffin
wqmAr00216	factoid	what instruments does katy perry play?	 Vocals
wqmAr00217	factoid	who played mickey on days of our lives?	 Wayne Allwine
wqmAr00218	factoid	what movies does nicole kidman star in?	 Billy Bathgate|Bewitched|Birthday Girl|Cold Mountain|Days of Thunder|Dead Calm|Birth|BMX Bandits|Batman Forever|Dogville
wqmAr00219	factoid	who played obi wan kenobi in phantom menace?	 Ewan McGregor
wqmAr00220	factoid	what movies has scarlett johansson in?	 Girl with a Pearl Earring|Fall|A Good Woman|A Love Song for Bobby Long|Don Jon's Addiction|Eight Legged Freaks|Ghost World|Captain America: The Winter Soldier|An American Rhapsody
wqmAr00221	factoid	what movies does ryan gosling star in?	 The United States of Leland|Half Nelson|The Slaughter Rule|Stay|Lars and the Real Girl|The Believer|Fracture|Murder by Numbers|The Notebook|All Good Things
wqmAr00222	factoid	who does paul wesley play in 24?	 Stephen
wqmAr00223	factoid	who stars in the movie fred claus?	 Vince Vaughn|Kathy Bates|John Michael Higgins|Kevin Spacey|Ludacris|Elizabeth Banks|Rachel Weisz|Miranda Richardson|Jeffrey Dean Morgan|Paul Giamatti
wqmAr00224	factoid	who played young sam winchester?	 Colin Ford
wqmAr00225	factoid	who played darth vader in the original star wars movies?	 David Prowse
wqmAr00226	factoid	what films did liam neeson star in?	 Excalibur|Kingdom of Heaven|Batman Begins|Gangs of New York|Nailed|K-19: The Widowmaker|Pilgrim's Progress|Husbands and Wives|Darkman
wqmAr00227	factoid	what made angela davis famous?	 Political activist
wqmAr00228	factoid	who is playing bilbo in the hobbit movie?	 Norman Bird|Martin Freeman|Ian Holm
wqmAr00229	factoid	who is the actor that plays rico in hannah montana?	 Moisés Arias
wqmAr00230	factoid	who does jodelle ferland play in eclipse?	 Bree Tanner
wqmAr00231	factoid	what films have taylor lautner starred in?	 New Moon|He's a Bully, Charlie Brown|Eclipse|Cheaper by the Dozen 2|Incarceron|The Adventures of Sharkboy and Lavagirl|Dear Eleanor|Abduction|Shadow Fury|Field of Dreams 2: Lockout
wqmAr00232	factoid	who played elaine on doc martin?	 Lucy Punch
wqmAr00233	factoid	which jane austen books are movies?	 Pride and Prejudice
wqmAr00234	factoid	who plays dante falconeri?	 Dominic Zamprogna
wqmAr00235	factoid	who the voice of peter griffin?	 Seth MacFarlane
wqmAr00236	factoid	what movies has halle berry starred in?	 Jungle Fever|Catwoman|Gothika|Executive Decision|Robots|Introducing Dorothy Dandridge|B*A*P*S|Bulworth|Race the Sun|Monster's Ball
wqmAr00237	factoid	who plays jacob black in the twilight movies?	 Taylor Lautner
wqmAr00238	factoid	who does zach galifianakis play in the hangover?	 Alan Garner
wqmAr00239	factoid	who plays lois in family guy?	 Alex Borstein
wqmAr00240	factoid	who did michael jackson play in the wiz?	 Scarecrow
wqmAr00241	factoid	who played hannah montana best friend?	 Emily Osment
wqmAr00242	factoid	what is the actual current local time now in uk?	 Greenwich Mean Time|UTC±00:00
wqmAr00243	factoid	what instrument does ringo starr play?	 Drums
wqmAr00244	factoid	who played bob ewell in to kill a mockingbird?	 James Anderson
wqmAr00245	factoid	who plays walter in fringe?	 John Noble
wqmAr00246	factoid	who plays moira on the l word?	 Rose Byrne
wqmAr00247	factoid	who is the voice of family guys meg griffin?	 Mila Kunis
wqmAr00248	factoid	who does jemaine clement play in despicable me?	 Jerry the Minion
wqmAr00249	factoid	where do the broncos play?	 Sports Authority Field at Mile High
wqmAr00250	factoid	what has lucy hale played in?	 A Cinderella Story: Once Upon A Song|10 Years|Sorority Wars|The Sisterhood of the Traveling Pants 2|Scream 4|Fear Island|Tinker Bell: Secret of the Wings|Killer in the Family
wqmAr00251	factoid	who plays alan parrish in jumanji?	 Robin Williams
wqmAr00252	factoid	who plays miley cyrus brother?	 Guitarist
wqmAr00253	factoid	who played as barney?	 David Joyner
wqmAr00254	factoid	who played elaine's boyfriend on seinfeld?	 Jerry Seinfeld
wqmAr00255	factoid	where did the arizona diamondbacks play?	 Chase Field
wqmAr00256	factoid	who plays claudia joy on army wives?	 Kim Delaney
wqmAr00257	factoid	what movies has taylor momsen been in?	 Underdog|Paranoid Park|Spy Kids 2: Island of Lost Dreams|How the Grinch Stole Christmas!|We Were Soldiers|Hansel and Gretel|Spy School|Saving Shiloh|10 Years
wqmAr00258	factoid	what movies has chris colfer been in?	 8|Russel Fish: The Sausage and Eggs Incident|Glee Encore|Struck by Lightning|Glee: The 3D Concert Movie
wqmAr00259	factoid	what movies does tupac act in?	 Murder Was the Case|Above the Rim|Bullet|Gang Related|Watch Juice|Tupac: Live at the House of Blues|Nothing but Trouble|Juice|Poetic Justice|Gridlock'd
wqmAr00260	factoid	who plays karen jackson on shameless?	 Rebecca Atkinson
wqmAr00261	factoid	what movies did matt bomer play in?	 Magic Mike|Flightplan|Winter's Tale|In Time|8|The Normal Heart|The Texas Chainsaw Massacre: The Beginning
wqmAr00262	factoid	who played lex luthor in the original superman?	 Gene Hackman
wqmAr00263	factoid	what does kat dennings star in?	 The Scream Team|The Answer Man|Raise Your Voice|Charlie Bartlett|Shorts|The 40-Year-Old Virgin|Down in the Valley|Nick and Norah's Infinite Playlist|The House Bunny|Big Momma's House 2
wqmAr00264	factoid	who plays the voice of lois griffin on family guy?	 Alex Borstein
wqmAr00265	factoid	who has played edward quartermaine on general hospital?	 David Lewis
wqmAr00266	factoid	who plays stacey in zoey 101?	 Lacey Turner
wqmAr00267	factoid	what role did tom cruise play in endless love?	 Billy
wqmAr00268	factoid	where does fabio aurelio play?	 Grêmio Foot-Ball Porto Alegrense|Liverpool F.C.
wqmAr00269	factoid	who plays young joe dirt?	 David Spade
wqmAr00270	factoid	who does the voice of kitt in knight rider?	 William Daniels
wqmAr00271	factoid	what movies johnny depp is in?	 Benny & Joon|Blow|A Nightmare on Elm Street|Arizona Dream|Chocolat|Dead Man|Charlie and the Chocolate Factory|Cry-Baby|Public Enemies|Corpse Bride
wqmAr00272	factoid	how much indiana jones movies are there?	 Indiana Jones and the Raiders of the Lost Ark|Disaster Movie|Indiana Jones and the Last Crusade|Indiana Jones and the Temple of Doom|Indiana Jones and the Kingdom of the Crystal Skull
wqmAr00273	factoid	what movies did zoe saldana play in?	 The Losers|Colombiana|Star Trek|Avatar|Drumline|Death at a Funeral
wqmAr00274	factoid	who does nikki reed play in the movie twilight?	 Rosalie Hale
wqmAr00275	factoid	what character did liv tyler play in lord of the rings?	 Arwen
wqmAr00276	factoid	who played princess leia in star wars movies?	 Carrie Fisher
wqmAr00277	factoid	who played laura ingalls mother?	 Caroline Ingalls
wqmAr00278	factoid	what movies does johnny depp play in?	 Benny & Joon|Blow|A Nightmare on Elm Street|Arizona Dream|Chocolat|Dead Man|Charlie and the Chocolate Factory|Cry-Baby|Public Enemies|Corpse Bride
wqmAr00279	factoid	who did the voice of kitt in knight rider?	 William Daniels
wqmAr00280	factoid	who played atticus finch in the movie?	 Gregory Peck
wqmAr00281	factoid	who has the voice of stewie griffin?	 Seth MacFarlane
wqmAr00282	factoid	who is the voice actor for eric cartman?	 Trey Parker
wqmAr00283	factoid	what movie queen latifah play in?	 Taxi|Jungle Fever|Set It Off|Stranger than Fiction|Last Holiday|Brown Sugar|Ice Age: The Meltdown|Ice Age: Dawn of the Dinosaurs|Hairspray|Bringing Down the House
wqmAr00284	factoid	who plays hermione granger?	 Emma Watson
wqmAr00285	factoid	when did abraham lincoln free the slaves?	 The Emancipation Proclamation...can remind us in 2013 of all the mistakes we never want to commit again but it can also motivate us to fulfill to an ever greater degree the definitive freedom-sustaining and life-enhancing principles of democracy in living action.
wqmAr00286	factoid	who plays jason gideon?	 Mandy Patinkin
wqmAr00287	factoid	who played george jefferson on all in the family?	 Sherman Hemsley
wqmAr00288	factoid	what did kellie martin play on?	 A Friend to Die For|All You Need|Matinee|On the Edge of Innocence|A Goofy Movie|Mystery Woman: Mystery Weekend|Mystery Woman: Snapshot|After the Silence|Thru the Moebius Strip|Live Once, Die Twice
wqmAr00289	factoid	who played lt uhura?	 Nichelle Nichols
wqmAr00290	factoid	what other jobs did benjamin franklin have?	 Diplomat|Statesman|Politician|Political activist|Author|Writer|Printer|Scientist|Librarian|Inventor
wqmAr00291	factoid	who plays harold saxon in doctor who?	 Roger Delgado
wqmAr00292	factoid	who did bryce dallas howard play in eclipse?	 Victoria
wqmAr00293	factoid	what movies has selena gomez starred in?	 Arthur 3: The War of the Two Worlds|Monte Carlo|Spy Kids 3-D: Game Over|Wizards of Waverly Place: The Movie|Arthur and the Invisibles: The New Minimoy Adventures|Ramona and Beezus|Another Cinderella Story|Horton Hears a Who!|Arthur and the Vengeance of Maltazard|Princess Protection Program
wqmAr00294	factoid	who played freddy in friday the 13th?	 Chason Schirmer|Tobe Sexton|Robert Englund
wqmAr00295	factoid	what movies has angelina jolie in?	 Beowulf|Cleopatra|A Mighty Heart|Changeling|Confessions of an Action Star|Celebrity News Reels: Hollywood's Most Infamous Couples and Ugliest Breakups|Beyond Borders|Alice & Viril|Angela & Viril|Alexander
wqmAr00296	factoid	what movies did jenna dewan play in?	 The Grudge 2|Step Up|Take the Lead|Balls to the Wall|Fab Five: The Texas Cheerleader Scandal|Waterborne|American Virgin|Love Lies Bleeding|Tamara|Slightly Single in L.A.
wqmAr00297	factoid	what movies did taylor lautner star in?	 The Twilight Saga
wqmAr00298	factoid	who plays sarah marshall?	 Kristen Bell
wqmAr00299	factoid	who plays marlo on the wire?	 Jamie Hector
wqmAr00300	factoid	who was the first actor to play edward quartermaine?	 David Lewis
wqmAr00301	factoid	what show does tamera mowry play on?	 Sister, Sister|Tia & Tamera|Detention|Strong Medicine|Roommates|The Look for Less|The Adventures of Hyperman
wqmAr00302	factoid	what movies did angelina jolie star in?	 Beowulf|Cleopatra|A Mighty Heart|Changeling|Confessions of an Action Star|Celebrity News Reels: Hollywood's Most Infamous Couples and Ugliest Breakups|Beyond Borders|Alice & Viril|Angela & Viril|Alexander
wqmAr00303	factoid	who plays kenneth on 30 rock?	 Jack McBrayer
wqmAr00304	factoid	who played howard stern in private parts?	 Him/Herself
wqmAr00305	factoid	who plays patrick jane wife?	 Bruno Heller
wqmAr00306	factoid	who played dorothy in the film wizard of oz?	 Aileen Quinn|Morgan Hallet|Lea Michele|Diana Ross|Sumi Shimamoto|Jill Small|Romola Remus|Fairuza Balk|Bebe Daniels|Judy Garland
wqmAr00307	factoid	who plays jim halpert?	 John Krasinski
wqmAr00308	factoid	who voices ray in archer?	 Adam Reed
wqmAr00309	factoid	who plays edward elric?	 Romi Park
wqmAr00310	factoid	who plays lola bunny on the looney tunes show?	 Britt McKillip|Kath Soucie
wqmAr00311	factoid	what characters does todd haberkorn voice?	 Death the Kid|Android 19
wqmAr00312	factoid	what albums did john frusciante play on?	 Curtains|Smile From the Streets You Hold|Going Inside EP|From the Sounds Inside|Niandra LaDes and Usually Just a T-Shirt|DC EP|Inside of Emptiness|To Record Only Water for Ten Days|Shadows Collide With People|Demo & Acoustic Shadows Collide With People
wqmAr00313	factoid	what role did frederick douglass play in the abolition movement?	 American Equal Rights Association
wqmAr00314	factoid	who plays bella on twilight?	 Kristen Stewart
wqmAr00315	factoid	who does paul walker play in fast and furious?	 Brian O'Conner
wqmAr00316	factoid	who plays tommy oliver in power rangers?	 Jason David Frank
wqmAr00317	factoid	who plays stewie griffin on family guy?	 Seth MacFarlane
wqmAr00318	factoid	who plays stewie griffin's voice?	 Seth MacFarlane
wqmAr00319	factoid	who played marty mcfly's dad?	 George McFly
wqmAr00320	factoid	who plays john connor in terminator salvation?	 Christian Bale
wqmAr00321	factoid	what kind of experiments did humphrey davy do?	 He experimented with the voltaic pile decided that it was a chemical action which caused the production of electricity in electrolytic cells, and that the chemical interaction occurred between substances which had an opposite charge.
wqmAr00322	factoid	who plays the voice of meg in family guy?	 Lacey Chabert|Mila Kunis
wqmAr00323	factoid	who played the parents in ferris bueller day off?	 Cindy Pickett
wqmAr00324	factoid	what movies have gerard butler been in?	 Attila|Beowulf & Grendel|300|Dear Frankie|Butterfly on a Wheel|Gamer|Fast Food|Dracula 2000|Coriolanus
wqmAr00325	factoid	what movies were michael clarke duncan?	 American Crude|Air Buddies|A Crush on You|Brother Bear|Back in Business|A Night at the Roxbury|Breakfast of Champions|Bulworth|Armageddon|Brother Bear 2
wqmAr00326	factoid	where do the baltimore ravens play?	 M&T Bank Stadium
wqmAr00327	factoid	who plays mary jane in spiderman 2?	 Kirsten Dunst
wqmAr00328	factoid	who are the players on the toronto maple leafs?	 Phil Kessel
wqmAr00329	factoid	who was the voice of simba?	 Matthew Broderick
wqmAr00330	factoid	who did james franco play on general hospital?	 Franco
wqmAr00331	factoid	who plays saruman in lord of the rings?	 Christopher Lee
wqmAr00332	factoid	what movies gerard butler in?	 Attila|Beowulf & Grendel|300|Dear Frankie|Butterfly on a Wheel|Gamer|Fast Food|Dracula 2000|Coriolanus
wqmAr00333	factoid	what other movies is liam hemsworth in?	 Knowing|Triangle|The Hunger Games|The Expendables 2|The Last Song|Timeless|Empire State|The Hunger Games: Catching Fire|Arabian Nights|Love and Honor
wqmAr00334	factoid	who was luke skywalker played by?	 Mark Hamill
wqmAr00335	factoid	who does the voice of kovu in lion king?	 Jason Marsden
wqmAr00336	factoid	what band did joe satriani play in?	 Greg Kihn Band|Deep Purple|Chickenfoot|The G3 Jam
wqmAr00337	factoid	what does the soviet star represent?	 Communist Party of the Soviet Union
wqmAr00338	factoid	who plays shao kahn?	 Frank Welker
wqmAr00339	factoid	who plays marvin eriksen?	 Jason Segel
wqmAr00340	factoid	what does chad michael murray play in?	 Renee|Megiddo: The Omega Code 2|House of Wax|The Lone Ranger|Home of the Brave|A Cinderella Story|The Haunting in Connecticut 2: Ghosts of Georgia|Lies in Plain Sight|Freaky Friday
wqmAr00341	factoid	who plays kermit in the muppets movie?	 Jim Henson
wqmAr00342	factoid	what games do japanese people play?	 The Legend of Zelda|3D Dot Game Heroes|Akuma-kun: Makai no Wana|Atsui 12 Game: Furi Furi Party!|11eyes CrossOver|11eyes: Tsumi to Batsu to Aganai no Shōjo|Military Madness|The Legend of Zelda: Twilight Princess|Cosmic Walker
wqmAr00343	factoid	what other movies has liam hemsworth?	 Knowing|Triangle|The Hunger Games|The Expendables 2|The Last Song|Timeless|Empire State|The Hunger Games: Catching Fire|Arabian Nights|Love and Honor
wqmAr00344	factoid	who plays sam in anger management?	 Jared Padalecki
wqmAr00345	factoid	what did john williams play?	 Trombone|Piano|trumpet|clarinet
wqmAr00346	factoid	where did james franco study acting?	 University of California, Los Angeles|University of Houston|Brooklyn College|Columbia University School of the Arts|Rhode Island School of Design|Warren Wilson College|Yale University|Tisch School of the Arts|Palo Alto High School
wqmAr00347	factoid	who plays riley finn on buffy the vampire slayer?	 Marc Blucas
wqmAr00348	factoid	who plays giles in buffy the vampire slayer?	 Anthony Stewart Head
wqmAr00349	factoid	who voices lola bunny in looney tunes?	 Britt McKillip|Kristen Wiig
wqmAr00350	factoid	who voices anakin in the clone wars?	 Matt Lanter
wqmAr00351	factoid	who plays faramir in lord of the rings?	 David Wenham
wqmAr00352	factoid	what films did michael clarke duncan star in?	 American Crude|Air Buddies|A Crush on You|Brother Bear|Back in Business|A Night at the Roxbury|Breakfast of Champions|Bulworth|Armageddon|Brother Bear 2
wqmAr00353	factoid	what movie is angelina jolie directing?	 In the Land of Blood and Honey
wqmAr00354	factoid	what movies did kristen stewart act in?	 New Moon|Eclipse|The Runaways|Into the Wild|Adventureland|Twilight
